{
  "lang":"en",
  "name":"pipeline",
  "version":"0.0.0",
  "spacy_version":">=3.5.2,<3.6.0",
  "description":"",
  "author":"",
  "email":"",
  "url":"",
  "license":"",
  "spacy_git_version":"aea4a96f9",
  "vectors":{
    "width":0,
    "vectors":0,
    "keys":0,
    "name":null,
    "mode":"default"
  },
  "labels":{
    "tok2vec":[

    ],
    "ner":[
      "DOMAIN",
      "EDUCATION",
      "EXPERIENCE",
      "LANGUAGE",
      "RESPONSIBILITY",
      "SKILLS",
      "SOFT-SKILLS"
    ]
  },
  "pipeline":[
    "tok2vec",
    "ner"
  ],
  "components":[
    "tok2vec",
    "ner"
  ],
  "disabled":[

  ],
  "performance":{
    "ents_f":0.7968827723,
    "ents_p":0.8044861065,
    "ents_r":0.7894218134,
    "ents_per_type":{
      "SKILLS":{
        "p":0.8147582697,
        "r":0.8147582697,
        "f":0.8147582697
      },
      "EDUCATION":{
        "p":0.8023483366,
        "r":0.8118811881,
        "f":0.8070866142
      },
      "EXPERIENCE":{
        "p":0.8504672897,
        "r":0.8425925926,
        "f":0.8465116279
      },
      "LANGUAGE":{
        "p":0.9515151515,
        "r":0.9936708861,
        "f":0.9721362229
      },
      "DOMAIN":{
        "p":0.4899328859,
        "r":0.3333333333,
        "f":0.3967391304
      },
      "SOFT-SKILLS":{
        "p":0.7888888889,
        "r":0.8352941176,
        "f":0.8114285714
      },
      " DEVELOP":{
        "p":0.0,
        "r":0.0,
        "f":0.0
      },
      "RESPONSIBILITY":{
        "p":0.0,
        "r":0.0,
        "f":0.0
      }
    },
    "tok2vec_loss":472.5677110907,
    "ner_loss":2384.1518693272
  }
}